Product_name, Category, Subcategory, SearchTerm, Rating, Reviews, Product_Url
Amazon - Fire 7 2019 release - 7" - Tablet - 16GB - Twilight Blue,Phones,Amazon,Amazon Kindle Fire,4.6,1639,https://www.bestbuy.com/site/amazon-fire-7-2019-release-7-tablet-16gb-twilight-blue/6351400.p?skuId=6351400
Amazon - Fire HD 8 - 8" - Tablet - 16GB 8th Generation| 2018 Release - Punch Red,Phones,Amazon,Amazon Kindle Fire,4.6,3402,https://www.bestbuy.com/site/amazon-fire-hd-8-8-tablet-16gb-8th-generation-2018-release-punch-red/6293754.p?skuId=6293754
Amazon - Fire 7 Kids Edition 2019 release - 7" - Tablet - 16GB - Pink,Phones,Amazon,Amazon Kindle Fire,4.7,862,https://www.bestbuy.com/site/amazon-fire-7-kids-edition-2019-release-7-tablet-16gb-pink/6351415.p?skuId=6351415
Amazon - Fire HD 10 2019 release - 10.1" - Tablet - 32GB - Black,Phones,Amazon,Amazon Kindle Fire,4.7,473,https://www.bestbuy.com/site/amazon-fire-hd-10-2019-release-10-1-tablet-32gb-black/6384431.p?skuId=6384431
Amazon - Fire HD Kids Edition - 8" - Tablet - 32GB 8th Generation| 2018 Release - Pink,Phones,Amazon,Amazon Kindle Fire,4.7,1460,https://www.bestbuy.com/site/amazon-fire-hd-kids-edition-8-tablet-32gb-8th-generation-2018-release-pink/6293794.p?skuId=6293794
Amazon - Fire HD 10 Kids Edition 2019 release - 10.1" - Tablet - 32GB - Blue,Phones,Amazon,Amazon Kindle Fire,4.8,125,https://www.bestbuy.com/site/amazon-fire-hd-10-kids-edition-2019-release-10-1-tablet-32gb-blue/6384446.p?skuId=6384446
Amazon - Fire HD 10 Kids Edition 2019 release - 10.1" - Tablet - 32GB - Pink,Phones,Amazon,Amazon Kindle Fire,4.8,125,https://www.bestbuy.com/site/amazon-fire-hd-10-kids-edition-2019-release-10-1-tablet-32gb-pink/6384447.p?skuId=6384447
Amazon - Fire 7 2019 release - 7" - Tablet - 32GB - Twilight Blue,Phones,Amazon,Amazon Kindle Fire,4.5,82,https://www.bestbuy.com/site/amazon-fire-7-2019-release-7-tablet-32gb-twilight-blue/6351531.p?skuId=6351531
Amazon - Fire HD 10 2019 release - 10.1" - Tablet - 64GB - Black,Phones,Amazon,Amazon Kindle Fire,4.6,30,https://www.bestbuy.com/site/amazon-fire-hd-10-2019-release-10-1-tablet-64gb-black/6384441.p?skuId=6384441
Amazon - Cover Case for Amazon Fire 7 (9th Generation - 2019 release) - Charcoal Black,Phones,Amazon,Amazon Kindle Fire,4.6,60,https://www.bestbuy.com/site/amazon-cover-case-for-amazon-fire-7-9th-generation-2019-release-charcoal-black/6353872.p?skuId=6353872
SaharaCase - Custom Design Smart Folio Case for Amazon Kindle Fire HD 10 (2017/2019) - Blue Marble,Phones,Amazon,Amazon Kindle Fire,5,2,https://www.bestbuy.com/site/saharacase-custom-design-smart-folio-case-for-amazon-kindle-fire-hd-10-2017-2019-blue-marble/6359640.p?skuId=6359640
Insignia(tm) - Glass Screen Protector for Amazon Fire 7,Phones,Amazon,Amazon Kindle Fire,4.8,20,https://www.bestbuy.com/site/insignia-glass-screen-protector-for-amazon-fire-7/6330650.p?skuId=6330650
Amazon - Fire HD 8 - 8" - Tablet - 32GB 8th Generation| 2018 Release - Marine Blue,Phones,Amazon,Amazon Kindle Fire,4.5,151,https://www.bestbuy.com/site/amazon-fire-hd-8-8-tablet-32gb-8th-generation-2018-release-marine-blue/6293748.p?skuId=6293748
Amazon - Cover Case for Amazon Fire HD 10 (7th and 9th Generations - 2017 and 2019 Releases) - Charcoal Black,Phones,Amazon,Amazon Kindle Fire,4.6,56,https://www.bestbuy.com/site/amazon-cover-case-for-amazon-fire-hd-10-7th-and-9th-generations-2017-and-2019-releases-charcoal-black/6384735.p?skuId=6384735
Toshiba - 32" Class - LED - 720p - Smart - HDTV - Fire TV Edition,Phones,Amazon,Amazon Kindle Fire,4.7,2059,https://www.bestbuy.com/site/toshiba-32-class-led-720p-smart-hdtv-fire-tv-edition/6211003.p?skuId=6211003
Amazon - Fire HD 10 2019 release - 10.1" - Tablet - 64GB - Twilight Blue,Phones,Amazon,Amazon Kindle Fire,4.6,30,https://www.bestbuy.com/site/amazon-fire-hd-10-2019-release-10-1-tablet-64gb-twilight-blue/6384444.p?skuId=6384444
Insignia(tm) - Folio Case for Amazon Fire 7 (7th Generation| 2017 Release) - Purple,Phones,Amazon,Amazon Kindle Fire,4.5,248,https://www.bestbuy.com/site/insignia-folio-case-for-amazon-fire-7-7th-generation-2017-release-purple/5869431.p?skuId=5869431
Amazon - Show Mode Charging Dock for Amazon Fire HD 8 Tablet (7th Generation| 2017 Release) - Black,Phones,Amazon,Amazon Kindle Fire,4.6,115,https://www.bestbuy.com/site/amazon-show-mode-charging-dock-for-amazon-fire-hd-8-tablet-7th-generation-2017-release-black/6261469.p?skuId=6261469
Amazon - Kid-Proof Case for Amazon Fire 7 (9th Generation - 2019 Release) - Blue,Phones,Amazon,Amazon Kindle Fire,4.9,107,https://www.bestbuy.com/site/amazon-kid-proof-case-for-amazon-fire-7-9th-generation-2019-release-blue/6353890.p?skuId=6353890
Amazon - Cover Case for Amazon Fire HD 8 (7th Generation| 2017 Release) - Charcoal Black,Phones,Amazon,Amazon Kindle Fire,4.7,879,https://www.bestbuy.com/site/amazon-cover-case-for-amazon-fire-hd-8-7th-generation-2017-release-charcoal-black/5887608.p?skuId=5887608
Amazon - Folio Case for Amazon Fire HD 10 (7th Generation) - Punch Red,Phones,Amazon,Amazon Kindle Fire,4.6,657,https://www.bestbuy.com/site/amazon-folio-case-for-amazon-fire-hd-10-7th-generation-punch-red/6091115.p?skuId=6091115
Amazon - Kid-Proof Case for Amazon Fire HD 8 Tablet (7th Generation| 2017 Release) - Blue,Phones,Amazon,Amazon Kindle Fire,4.7,131,https://www.bestbuy.com/site/amazon-kid-proof-case-for-amazon-fire-hd-8-tablet-7th-generation-2017-release-blue/6261541.p?skuId=6261541
Amazon - Fire TV Recast 500GB OTA DVR - Black,Phones,Amazon,Amazon Kindle Fire,4.4,207,https://www.bestbuy.com/site/amazon-fire-tv-recast-500gb-ota-dvr-black/6301666.p?skuId=6301666
Insignia(tm) - 24" Class - LED - 720p - Smart - HDTV - Fire TV Edition,Phones,Amazon,Amazon Kindle Fire,4.6,1302,https://www.bestbuy.com/site/insignia-24-class-led-720p-smart-hdtv-fire-tv-edition/6247347.p?skuId=6247347
ViewSonic - PA502X XGA DLP Projector - Black/white,Phones,ZTE,ZTE Grand X View 2,5,3,https://www.bestbuy.com/site/viewsonic-pa502x-xga-dlp-projector-black-white/6131430.p?skuId=6131430
ViewSonic - PG703X XGA DLP Projector - White,Phones,ZTE,ZTE Grand X View 2,0,Not yet reviewed,https://www.bestbuy.com/site/viewsonic-pg703x-xga-dlp-projector-white/6131429.p?skuId=6131429
ViewSonic - PA503X XGA DLP Projector - White,Phones,ZTE,ZTE Grand X View 2,0,Not yet reviewed,https://www.bestbuy.com/site/viewsonic-pa503x-xga-dlp-projector-white/5947147.p?skuId=5947147
HP - 25x 24.5" LED FHD Monitor - Gray/Green,Phones,ZTE,ZTE Grand X View 2,4.7,588,https://www.bestbuy.com/site/hp-25x-24-5-led-fhd-monitor-gray-green/6280605.p?skuId=6280605
ViewSonic - M2 1080p DLP Projector - Black,Phones,ZTE,ZTE Grand X View 2,0,Not yet reviewed,https://www.bestbuy.com/site/viewsonic-m2-1080p-dlp-projector-black/6392604.p?skuId=6392604
ViewSonic - 19" LED Monitor,Phones,ZTE,ZTE Grand X View 2,4.4,12,https://www.bestbuy.com/site/viewsonic-19-led-monitor/6335320.p?skuId=6335320
Optoma - X600 XGA DLP Projector - Silver,Phones,ZTE,ZTE Grand X View 2,4.3,3,https://www.bestbuy.com/site/optoma-x600-xga-dlp-projector-silver/6800559.p?skuId=6800559
Sony - 85" Class - LED - X850G Series - 2160p - Smart - 4K UHD TV with HDR,Phones,ZTE,ZTE Grand X View 2,4.7,293,https://www.bestbuy.com/site/sony-85-class-led-x850g-series-2160p-smart-4k-uhd-tv-with-hdr/6331606.p?skuId=6331606
Ring - Peephole with Chime - Satin Nickel,Phones,ZTE,ZTE Grand X View 2,4.6,45,https://www.bestbuy.com/site/ring-peephole-with-chime-satin-nickel/6374438.p?skuId=6374438
Optoma - HD243X 1080p DLP Projector - Black,Phones,ZTE,ZTE Grand X View 2,5,1,https://www.bestbuy.com/site/optoma-hd243x-1080p-dlp-projector-black/6379624.p?skuId=6379624
Acer - 27" IPS LED 4K UHD G-SYNC Monitor - Black,Phones,ZTE,ZTE Grand X View 2,3.6,5,https://www.bestbuy.com/site/acer-27-ips-led-4k-uhd-g-sync-monitor-black/6380903.p?skuId=6380903
ViewSonic - VX3211-2K-MHD 32" IPS LED QHD Monitor - Black,Phones,ZTE,ZTE Grand X View 2,5,2,https://www.bestbuy.com/site/viewsonic-vx3211-2k-mhd-32-ips-led-qhd-monitor-black/6091922.p?skuId=6091922
ViewSonic - 32" LED 4K UHD Monitor with HDR,Phones,ZTE,ZTE Grand X View 2,5,2,https://www.bestbuy.com/site/viewsonic-32-led-4k-uhd-monitor-with-hdr/6370815.p?skuId=6370815
Optoma - HD143X 1080p DLP Projector - Black,Phones,ZTE,ZTE Grand X View 2,4.5,41,https://www.bestbuy.com/site/optoma-hd143x-1080p-dlp-projector-black/6188341.p?skuId=6188341
Kaiser Baas - HD Action Camera - Black,Phones,ZTE,ZTE Grand X View 2,5,1,https://www.bestbuy.com/site/kaiser-baas-hd-action-camera-black/6393720.p?skuId=6393720
Texas Instruments - TI-Nspire CX II Handheld Graphing Calculator,Phones,ZTE,ZTE Grand X View 2,4.7,67,https://www.bestbuy.com/site/texas-instruments-ti-nspire-cx-ii-handheld-graphing-calculator/6345159.p?skuId=6345159
Kaiser Baas - HD Action Camera - Black,Phones,ZTE,ZTE Grand X View 2,4,1,https://www.bestbuy.com/site/kaiser-baas-hd-action-camera-black/6361094.p?skuId=6361094
Night Owl - C20X Series 8-Channel| 8-Camera Indoor/Outdoor Wired 1080p 1TB DVR Surveillance System - White/Black,Phones,ZTE,ZTE Grand X View 2,4.2,171,https://www.bestbuy.com/site/night-owl-c20x-series-8-channel-8-camera-indoor-outdoor-wired-1080p-1tb-dvr-surveillance-system-white-black/6332963.p?skuId=6332963
ViewSonic - 22" IPS LED FHD Monitor,Phones,ZTE,ZTE Grand X View 2,4,16,https://www.bestbuy.com/site/viewsonic-22-ips-led-fhd-monitor/5572922.p?skuId=5572922
Kaiser Baas - HD Action Camera - Black,Phones,ZTE,ZTE Grand X View 2,5,4,https://www.bestbuy.com/site/kaiser-baas-hd-action-camera-black/6303680.p?skuId=6303680
Midland - X-Talker 20-Mile| 22-Channel FRS/GMRS 2-Way Radios (3-Pack),Phones,ZTE,ZTE Grand X View 2,0,Not yet reviewed,https://www.bestbuy.com/site/midland-x-talker-20-mile-22-channel-frs-gmrs-2-way-radios-3-pack/6220663.p?skuId=6220663
Kaiser Baas - HD Action Camera - Black,Phones,ZTE,ZTE Grand X View 2,4.7,3,https://www.bestbuy.com/site/kaiser-baas-hd-action-camera-black/6303685.p?skuId=6303685
Kaiser Baas - HD Action Camera - Black,Phones,ZTE,ZTE Grand X View 2,4.3,3,https://www.bestbuy.com/site/kaiser-baas-hd-action-camera-black/6303682.p?skuId=6303682
HP - OMEN X by HP 27" LED QHD FreeSync Monitor with HDR - Black,Phones,ZTE,ZTE Grand X View 2,0,Not yet reviewed,https://www.bestbuy.com/site/hp-omen-x-by-hp-27-led-qhd-freesync-monitor-with-hdr-black/6384481.p?skuId=6384481
Insignia(tm) - Apple MFi Certified Lightning Wall Charger for Select Apple(r) Devices - Black,Phones,ZTE,ZTE Blade A2,4.6,1519,https://www.bestbuy.com/site/insignia-apple-mfi-certified-lightning-wall-charger-for-select-apple-devices-black/5689176.p?skuId=5689176
Jabra - Elite 25h Wireless On-Ear Headphones - Titanium Black,Phones,Archos,Archos 40 Titanium,4.4,33,https://www.bestbuy.com/site/jabra-elite-25h-wireless-on-ear-headphones-titanium-black/6350381.p?skuId=6350381
KICKER - PS 4" Coaxial Speakers (Pair) - Black/Silver,Phones,Archos,Archos 40 Titanium,4,1,https://www.bestbuy.com/site/kicker-ps-4-coaxial-speakers-pair-black-silver/4222515.p?skuId=4222515
KICKER - PS 6" x 9" Coaxial Speakers (Pair) - Black/Silver,Phones,Archos,Archos 40 Titanium,5,1,https://www.bestbuy.com/site/kicker-ps-6-x-9-coaxial-speakers-pair-black-silver/4222505.p?skuId=4222505
Samsung - POWERbot(tm) R7065 App-Controlled Self-Charging Robot Vacuum - Satin Titanium,Phones,Archos,Archos 40 Titanium,4.3,131,https://www.bestbuy.com/site/samsung-powerbot-r7065-app-controlled-self-charging-robot-vacuum-satin-titanium/6190501.p?skuId=6190501
Breville - the Juice Fountain Cold XL Juicer - Silver,Phones,Archos,Archos 40 Titanium,4.8,13,https://www.bestbuy.com/site/breville-the-juice-fountain-cold-xl-juicer-silver/6323690.p?skuId=6323690
Sony - XB950N1 Extra Bass Wireless Noise Cancelling Over-the-Ear Headphones - Titanium,Phones,Archos,Archos 40 Titanium,4.6,2683,https://www.bestbuy.com/site/sony-xb950n1-extra-bass-wireless-noise-cancelling-over-the-ear-headphones-titanium/6029025.p?skuId=6029025
KICKER - CS Series 6" x 8" 2-Way Car Speakers with Polypropylene Cones (Pair) - Black,Phones,Archos,Archos 40 Titanium,0,Not yet reviewed,https://www.bestbuy.com/site/kicker-cs-series-6-x-8-2-way-car-speakers-with-polypropylene-cones-pair-black/6359805.p?skuId=6359805
JBL - 12" 3-Way Bookshelf Loudspeakers (Each) - Satin Walnut Wood Veneer With Blue Grille,Phones,Archos,Archos 40 Titanium,0,Not yet reviewed,https://www.bestbuy.com/site/jbl-12-3-way-bookshelf-loudspeakers-each-satin-walnut-wood-veneer-with-blue-grille/6391970.p?skuId=6391970
MB Quart - X-Line 6.5" Coaxial Speaker with Polypropylene Cone - Black,Phones,Archos,Archos 40 Titanium,4,1,https://www.bestbuy.com/site/mb-quart-x-line-6-5-coaxial-speaker-with-polypropylene-cone-black/9116073.p?skuId=9116073
MB Quart - Discus 6-1/2" 2-Way Car Speakers with Polypropylene Cones (Pair) - Gray/Black,Phones,Archos,Archos 40 Titanium,0,Not yet reviewed,https://www.bestbuy.com/site/mb-quart-discus-6-1-2-2-way-car-speakers-with-polypropylene-cones-pair-gray-black/6359803.p?skuId=6359803
Honeywell - TurboForce Floor Fan - Black,Phones,ZTE,ZTE Blade A910,4.7,33,https://www.bestbuy.com/site/honeywell-turboforce-floor-fan-black/6020351.p?skuId=6020351
Presto - SaladShooter - White,Phones,ZTE,ZTE Blade A910,4.4,5,https://www.bestbuy.com/site/presto-saladshooter-white/9373901.p?skuId=9373901
The Matrix [10th Anniversary] [Blu-ray] [1999],Phones,BLU,BLU Neo X,4.8,1035,https://www.bestbuy.com/site/the-matrix-10th-anniversary-blu-ray-1999/1456408.p?skuId=1456408
The Matrix [10th Anniversary] [Includes Digital Copy] [Blu-ray] [1999],Phones,BLU,BLU Neo X,4.8,1035,https://www.bestbuy.com/site/the-matrix-10th-anniversary-includes-digital-copy-blu-ray-1999/9214405.p?skuId=9214405
Hall Pass [Blu-ray] [2011],Phones,BLU,BLU Neo X,4.5,135,https://www.bestbuy.com/site/hall-pass-blu-ray-2011/6002517.p?skuId=6002517
Modern Comedies: 4 Film Favorites [4 Discs] [Blu-ray],Phones,BLU,BLU Neo X,4.8,14,https://www.bestbuy.com/site/modern-comedies-4-film-favorites-4-discs-blu-ray/4331751.p?skuId=4331751
Sony - PlayStation 4 1TB Fortnite Neo Versa Console Bundle - Jet Black,Phones,BLU,BLU Neo XL,4.8,330,https://www.bestbuy.com/site/sony-playstation-4-1tb-fortnite-neo-versa-console-bundle-jet-black/6360910.p?skuId=6360910
40 Live: Curaetion-25 + Anniversary [Blu-Ray Disc],Phones,BLU,BLU Neo XL,0,Not yet reviewed,https://www.bestbuy.com/site/40-live-curtion-25-anniversary-blu-ray-disc/34761804.p?skuId=34761804
Alita: Battle Angel [Includes Digital Copy] [3D] [4K Ultra HD Blu-ray/Blu-ray] [4K Ultra HD Blu-ray/Blu-ray/Blu-ray 3D] [2019],Phones,BLU,BLU Neo XL,4.8,2625,https://www.bestbuy.com/site/alita-battle-angel-includes-digital-copy-3d-4k-ultra-hd-blu-ray-blu-ray-4k-ultra-hd-blu-ray-blu-ray-blu-ray-3d-2019/6333206.p?skuId=6333206
The Matrix [4K Ultra HD Blu-ray/Blu-ray] [1999],Phones,BLU,BLU Neo XL,4.8,1035,https://www.bestbuy.com/site/the-matrix-4k-ultra-hd-blu-ray-blu-ray-1999/6247208.p?skuId=6247208
Mortal Engines [Includes Digital Copy] [4K Ultra HD Blu-ray/Blu-ray] [2018],Phones,BLU,BLU Neo XL,4.3,798,https://www.bestbuy.com/site/mortal-engines-includes-digital-copy-4k-ultra-hd-blu-ray-blu-ray-2018/6321090.p?skuId=6321090
Alita: Battle Angel [Includes Digital Copy] [Blu-ray/DVD] [2019],Phones,BLU,BLU Neo XL,4.8,2625,https://www.bestbuy.com/site/alita-battle-angel-includes-digital-copy-blu-ray-dvd-2019/6333205.p?skuId=6333205
This Is 40 [Blu-ray] [2012],Phones,BLU,BLU Neo XL,4.3,512,https://www.bestbuy.com/site/this-is-40-blu-ray-2012/6307253.p?skuId=6307253
Alita: Battle Angel [SteelBook] [Digital Copy] [3D] [4K Ultra HD Blu-ray] [Only @ Best Buy] [4K Ultra HD Blu-ray/Blu-ray 3D] [2019],Phones,BLU,BLU Neo XL,4.8,2625,https://www.bestbuy.com/site/alita-battle-angel-steelbook-digital-copy-3d-4k-ultra-hd-blu-ray-only--best-buy-4k-ultra-hd-blu-ray-blu-ray-3d-2019/6333207.p?skuId=6333207
Debut 40th Anniversary Live: 40 Tours Around the Sun [Video] [Blu-Ray Disc],Phones,BLU,BLU Neo XL,0,Not yet reviewed,https://www.bestbuy.com/site/debut-40th-anniversary-live-40-tours-around-the-sun-video-blu-ray-disc/34803619.p?skuId=34803619
Mortal Engines [Includes Digital Copy] [Blu-ray/DVD] [2018],Phones,BLU,BLU Neo XL,4.3,798,https://www.bestbuy.com/site/mortal-engines-includes-digital-copy-blu-ray-dvd-2018/6321091.p?skuId=6321091
Shin Getter Robo vs Neo Getter Robo [Blu-ray],Phones,BLU,BLU Neo XL,0,Not yet reviewed,https://www.bestbuy.com/site/shin-getter-robo-vs-neo-getter-robo-blu-ray/29196172.p?skuId=29196172
The Matrix Trilogy [Includes Digital Copy] [4K Ultra HD Blu-ray/Blu-ray],Phones,BLU,BLU Neo XL,4.9,456,https://www.bestbuy.com/site/the-matrix-trilogy-includes-digital-copy-4k-ultra-hd-blu-ray-blu-ray/6289694.p?skuId=6289694
The Matrix Reloaded [SteelBook] [Digital Copy] [4K Ultra HD Blu-ray/Blu-ray] [Only @ Best Buy] [2003],Phones,BLU,BLU Neo XL,4.7,298,https://www.bestbuy.com/site/the-matrix-reloaded-steelbook-digital-copy-4k-ultra-hd-blu-ray-blu-ray-only--best-buy-2003/6289682.p?skuId=6289682
The Dark Tower [Includes Digital Copy] [Blu-ray] [2017],Phones,BLU,BLU Neo XL,4.2,1673,https://www.bestbuy.com/site/the-dark-tower-includes-digital-copy-blu-ray-2017/6073200.p?skuId=6073200
The Matrix Revolutions [4K Ultra HD Blu-ray/Blu-ray] [2003],Phones,BLU,BLU Neo XL,4.7,296,https://www.bestbuy.com/site/the-matrix-revolutions-4k-ultra-hd-blu-ray-blu-ray-2003/6289688.p?skuId=6289688
40 Days and 40 Nights [Blu-ray] [2002],Phones,BLU,BLU Neo XL,4.1,9,https://www.bestbuy.com/site/40-days-and-40-nights-blu-ray-2002/3220076.p?skuId=3220076
Batman v Superman: Dawn of Justice [Ultimate Edition] [Blu-ray] [2016],Phones,BLU,BLU Neo XL,4.3,11807,https://www.bestbuy.com/site/batman-v-superman-dawn-of-justice-ultimate-edition-blu-ray-2016/5092502.p?skuId=5092502
Arozzi - Verona XL Plus Gaming Chair - Blue,Phones,BLU,BLU Neo XL,0,Not yet reviewed,https://www.bestbuy.com/site/arozzi-verona-xl-plus-gaming-chair-blue/6347730.p?skuId=6347730
40 West [Blu-ray] [2011],Phones,BLU,BLU Neo XL,0,Not yet reviewed,https://www.bestbuy.com/site/40-west-blu-ray-2011/29535235.p?skuId=29535235
The 40-Year-Old Virgin [Blu-ray] [2005],Phones,BLU,BLU Neo XL,4.6,161,https://www.bestbuy.com/site/the-40-year-old-virgin-blu-ray-2005/8986001.p?skuId=8986001
Batman v Superman: Dawn of Justice [Ultimate] [4K Ultra HD Blu-ray/Blu-ray] [2016],Phones,BLU,BLU Neo XL,4.3,11807,https://www.bestbuy.com/site/batman-v-superman-dawn-of-justice-ultimate-4k-ultra-hd-blu-ray-blu-ray-2016/5092905.p?skuId=5092905
Batman v Superman: Dawn of Justice [Blu-ray] [2016],Phones,BLU,BLU Neo XL,4.3,11807,https://www.bestbuy.com/site/batman-v-superman-dawn-of-justice-blu-ray-2016/34632475.p?skuId=34632475
The Matrix Revolutions [SteelBook] [Digital Copy] [4K Ultra HD Blu-ray/Blu-ray] [Only @ Best Buy] [2003],Phones,BLU,BLU Neo XL,4.7,296,https://www.bestbuy.com/site/the-matrix-revolutions-steelbook-digital-copy-4k-ultra-hd-blu-ray-blu-ray-only--best-buy-2003/6289670.p?skuId=6289670
The Matrix Reloaded [4K Ultra HD Blu-ray/Blu-ray] [2003],Phones,BLU,BLU Neo XL,4.7,298,https://www.bestbuy.com/site/the-matrix-reloaded-4k-ultra-hd-blu-ray-blu-ray-2003/6289673.p?skuId=6289673
LEGO - Creator 3-in-1 Townhouse Toy Store 31105,Phones,Bird,Bird S288,0,Not yet reviewed,https://www.bestbuy.com/site/lego-creator-3-in-1-townhouse-toy-store-31105/6394885.p?skuId=6394885
GE - Z-Wave Plus Wireless Plug-In 2-Outlet Smart Grounded Tap - White,Phones,Bird,Bird S288 Plus,5,2,https://www.bestbuy.com/site/ge-z-wave-plus-wireless-plug-in-2-outlet-smart-grounded-tap-white/6239853.p?skuId=6239853
Nanit - Nanit Plus Baby Monitor and Sleep Tracker - White,Phones,Bird,Bird S288 Plus,4.6,50,https://www.bestbuy.com/site/nanit-nanit-plus-baby-monitor-and-sleep-tracker-white/6304010.p?skuId=6304010
Nanit - Nanit Plus Smart Baby Monitor & Floor Stand - White,Phones,Bird,Bird S288 Plus,4.4,23,https://www.bestbuy.com/site/nanit-nanit-plus-smart-baby-monitor-floor-stand-white/6321886.p?skuId=6321886
CyberPowerPC - Gamer Xtreme VR Desktop - Intel Core i7-7700K - 16GB Memory - NVIDIA GeForce GTX 1070 - 240GB SSD + 2TB Hard Drive - Black,Phones,Bird,Bird S288 Plus,4.8,140,https://www.bestbuy.com/site/cyberpowerpc-gamer-xtreme-vr-desktop-intel-core-i7-7700k-16gb-memory-nvidia-geforce-gtx-1070-240gb-ssd-2tb-hard-drive-black/6143700.p?skuId=6143700
Razer - Blade 15.6" Gaming Laptop - Intel Core i7 - 16GB Memory - NVIDIA GeForce RTX 2070 - 512GB Solid State Drive - Black CNC Aluminum,Phones,Bird,Bird S288 Plus,4.7,10,https://www.bestbuy.com/site/razer-blade-15-6-gaming-laptop-intel-core-i7-16gb-memory-nvidia-geforce-rtx-2070-512gb-solid-state-drive-black-cnc-aluminum/6331857.p?skuId=6331857
Hydrow - Connected Rower - Silver/Black,Phones,Bird,Bird S288 Plus,4.5,51,https://www.bestbuy.com/site/hydrow-connected-rower-silver-black/6349559.p?skuId=6349559
Razer - Geek Squad Certified Refurbished Blade 15.6" Gaming Laptop - Intel Core i7 - 16GB - NVIDIA GeForce RTX 2060 - 512GB SSD - Mercury White CNC Aluminum,Phones,Bird,Bird S288 Plus,2.7,3,https://www.bestbuy.com/site/razer-geek-squad-certified-refurbished-blade-15-6-gaming-laptop-intel-core-i7-16gb-nvidia-geforce-rtx-2060-512gb-ssd-mercury-white-cnc-aluminum/6351354.p?skuId=6351354
LEGO - City Tuning Workshop 60258,Phones,Bird,Bird S288 Plus,0,Not yet reviewed,https://www.bestbuy.com/site/lego-city-tuning-workshop-60258/6394887.p?skuId=6394887
LEGO - City Police Station 60246,Phones,Bird,Bird S288 Plus,0,Not yet reviewed,https://www.bestbuy.com/site/lego-city-police-station-60246/6394828.p?skuId=6394828
LEGO - Hidden Side Newbury Subway 70430,Phones,Bird,Bird S288 Plus,0,Not yet reviewed,https://www.bestbuy.com/site/lego-hidden-side-newbury-subway-70430/6394803.p?skuId=6394803
LEGO - Disney Cinderella's Castle Celebration 43178,Phones,Bird,Bird S288 Plus,0,Not yet reviewed,https://www.bestbuy.com/site/lego-disney-cinderellas-castle-celebration-43178/6394903.p?skuId=6394903
LEGO - Hidden Side The Lighthouse of Darkness 70431,Phones,Bird,Bird S288 Plus,0,Not yet reviewed,https://www.bestbuy.com/site/lego-hidden-side-the-lighthouse-of-darkness-70431/6394901.p?skuId=6394901
LEGO - Hidden Side Welcome to The Hidden Side 70427,Phones,Bird,Bird S288 Plus,0,Not yet reviewed,https://www.bestbuy.com/site/lego-hidden-side-welcome-to-the-hidden-side-70427/6394921.p?skuId=6394921
LEGO - Trolls World Tour Techno Reef Dance Party 41250,Phones,Bird,Bird S288 Plus,0,Not yet reviewed,https://www.bestbuy.com/site/lego-trolls-world-tour-techno-reef-dance-party-41250/6394792.p?skuId=6394792
LEGO - Creator 3-in-1 Townhouse Toy Store 31105,Phones,Bird,Bird S288 Plus,0,Not yet reviewed,https://www.bestbuy.com/site/lego-creator-3-in-1-townhouse-toy-store-31105/6394885.p?skuId=6394885
Razer - Geek Squad Certified Refurbished Blade 15.6" Gaming Laptop - Intel Core i7 - 16GB - NVIDIA GeForce RTX 2080 - 512GB SSD - Black CNC Aluminum,Phones,Bird,Bird S288 Plus,0,Not yet reviewed,https://www.bestbuy.com/site/razer-geek-squad-certified-refurbished-blade-15-6-gaming-laptop-intel-core-i7-16gb-nvidia-geforce-rtx-2080-512gb-ssd-black-cnc-aluminum/6351356.p?skuId=6351356
LEGO - Friends Heartlake City Amusement Pier 41375,Phones,Bird,Bird S288 Plus,0,Not yet reviewed,https://www.bestbuy.com/site/lego-friends-heartlake-city-amusement-pier-41375/6351940.p?skuId=6351940
Melissa & Doug - United States of America Map Puzzle,Phones,Bird,Bird S288 Plus,0,Not yet reviewed,https://www.bestbuy.com/site/melissa-doug-united-states-of-america-map-puzzle/6343788.p?skuId=6343788
Razer - Blade 15.6" Gaming Laptop - Intel Core i7 - 16GB Memory - NVIDIA GeForce RTX 2080 - 512GB Solid State Drive - Black CNC Aluminum,Phones,Bird,Bird S288 Plus,4.9,8,https://www.bestbuy.com/site/razer-blade-15-6-gaming-laptop-intel-core-i7-16gb-memory-nvidia-geforce-rtx-2080-512gb-solid-state-drive-black-cnc-aluminum/6331896.p?skuId=6331896
Razer - Blade 15.6" Gaming Laptop - Intel Core i7 - 16GB Memory - NVIDIA GeForce RTX 2060 - 512GB Solid State Drive - Black CNC Aluminum,Phones,Bird,Bird S288 Plus,4.5,13,https://www.bestbuy.com/site/razer-blade-15-6-gaming-laptop-intel-core-i7-16gb-memory-nvidia-geforce-rtx-2060-512gb-solid-state-drive-black-cnc-aluminum/6331856.p?skuId=6331856
Razer - Blade 15.6" Gaming Laptop - Intel Core i7 - 16GB Memory - NVIDIA GeForce RTX 2060 - 512GB Solid State Drive - Mercury White CNC Aluminum,Phones,Bird,Bird S288 Plus,4.4,77,https://www.bestbuy.com/site/razer-blade-15-6-gaming-laptop-intel-core-i7-16gb-memory-nvidia-geforce-rtx-2060-512gb-solid-state-drive-mercury-white-cnc-aluminum/6320759.p?skuId=6320759
Package - ASUS - ROG G531GT 15.6" Gaming Laptop - Intel Core i7 - 8GB Memory - NVIDIA GeForce GTX 1650 - 512GB Solid State Drive and Oculus - Rift S PC-Powered VR Gaming Headset - Black,Phones,Asus,Asus Z801,4.5,303,https://www.bestbuy.com/site/combo/gaming-laptops/3678917a-534c-4be6-a8e2-ccdb8d8a0fcb
